tags,ids
"https://tproger.ru/tag/cpp/,https://tproger.ru/tag/algorithms/,https://tproger.ru/tag/brain-teasers/,https://tproger.ru/tag/expert-problems/,https://tproger.ru/tag/middle-problems/,https://tproger.ru/tag/math-and-probability/,https://tproger.ru/tag/optimization/,https://tproger.ru/tag/bit-manipulation/,https://tproger.ru/tag/recursion-and-dynamic-programming/,https://tproger.ru/tag/job-interview/,https://tproger.ru/tag/sorting-and-searching/,https://tproger.ru/tag/stacks-and-queues/",9562
https://tproger.ru/tag/crypto/,7901
"https://tproger.ru/tag/python/,https://tproger.ru/tag/for-beginners/,https://tproger.ru/tag/parsing/,https://tproger.ru/tag/regexp/",6785
,61029
"https://tproger.ru/tag/for-beginners/,https://tproger.ru/tag/partnered/",28507
https://tproger.ru/tag/compilers/,10471
"https://tproger.ru/tag/ai/,https://tproger.ru/tag/neural-network/",81144
"https://tproger.ru/tag/for-beginners/,https://tproger.ru/tag/games/,https://tproger.ru/tag/learn-programming/",16276
"https://tproger.ru/tag/css/,https://tproger.ru/tag/web/,https://tproger.ru/tag/for-beginners/",28540
"https://tproger.ru/tag/android/,https://tproger.ru/tag/c-sharp/,https://tproger.ru/tag/cpp/,https://tproger.ru/tag/go/,https://tproger.ru/tag/java/,https://tproger.ru/tag/javascript/,https://tproger.ru/tag/objective-c/,https://tproger.ru/tag/php/,https://tproger.ru/tag/python/,https://tproger.ru/tag/algorithms/,https://tproger.ru/tag/web/,https://tproger.ru/tag/learn-programming/,https://tproger.ru/tag/cheatsheets/,https://tproger.ru/tag/asm/,https://tproger.ru/tag/programming-languages/",13746
"https://tproger.ru/tag/diy/,https://tproger.ru/tag/python/,https://tproger.ru/tag/bots/,https://tproger.ru/tag/for-amateurs/",43510
"https://tproger.ru/tag/for-beginners/,https://tproger.ru/tag/learn-programming/,https://tproger.ru/tag/regexp/",28018
"https://tproger.ru/tag/skills/,https://tproger.ru/tag/learn-programming/",16730
"https://tproger.ru/tag/cpp/,https://tproger.ru/tag/ide/",10521
https://tproger.ru/tag/for-beginners/,3795
"https://tproger.ru/tag/practice/,https://tproger.ru/tag/job-interview/",9081
"https://tproger.ru/tag/web/,https://tproger.ru/tag/interface-design-ux/,https://tproger.ru/tag/for-beginners/,https://tproger.ru/tag/advices/",23478
https://tproger.ru/tag/brain-teasers/,9851
"https://tproger.ru/tag/web/,https://tproger.ru/tag/for-beginners/",34382
"https://tproger.ru/tag/android/,https://tproger.ru/tag/for-beginners/,https://tproger.ru/tag/mobiledev/",2647
"https://tproger.ru/tag/cpp/,https://tproger.ru/tag/learn-programming/",7167
"https://tproger.ru/tag/algorithms/,https://tproger.ru/tag/for-beginners/,https://tproger.ru/tag/courses/,https://tproger.ru/tag/algorithms/,https://tproger.ru/tag/for-beginners/,https://tproger.ru/tag/courses/,https://tproger.ru/tag/algorithms/,https://tproger.ru/tag/algos-and-data-structs/,https://tproger.ru/tag/for-beginners/,https://tproger.ru/tag/courses/",104644
"https://tproger.ru/tag/github/,https://tproger.ru/tag/programming-languages/",30699
"https://tproger.ru/tag/c-sharp/,https://tproger.ru/tag/c-sharp/,https://tproger.ru/tag/for-beginners/,https://tproger.ru/tag/courses/,https://tproger.ru/tag/c-sharp/,https://tproger.ru/tag/for-beginners/,https://tproger.ru/tag/courses/,https://tproger.ru/tag/learn-programming/",96700
"https://tproger.ru/tag/algorithms/,https://tproger.ru/tag/algos-and-data-structs/,https://tproger.ru/tag/for-beginners/",8619
"https://tproger.ru/tag/computer-vision/,https://tproger.ru/tag/machine-learning/,https://tproger.ru/tag/neural-network/",12126
,8291
"https://tproger.ru/tag/javascript/,https://tproger.ru/tag/web/",12548
"https://tproger.ru/tag/brain-teasers/,https://tproger.ru/tag/career/,https://tproger.ru/tag/skills/,https://tproger.ru/tag/job/,https://tproger.ru/tag/job-interview/",29831
"https://tproger.ru/tag/for-beginners/,https://tproger.ru/tag/programming-languages/",99517
"https://tproger.ru/tag/for-beginners/,https://tproger.ru/tag/programming-languages/",15306
"https://tproger.ru/tag/web/,https://tproger.ru/tag/for-beginners/,https://tproger.ru/tag/learn-programming/",72684
"https://tproger.ru/tag/python/,https://tproger.ru/tag/for-beginners/,https://tproger.ru/tag/learn-programming/",31063
"https://tproger.ru/tag/cpp/,https://tproger.ru/tag/learn-programming/",7167
"https://tproger.ru/tag/for-beginners/,https://tproger.ru/tag/learn-programming/",7809
"https://tproger.ru/tag/algorithms/,https://tproger.ru/tag/algos-and-data-structs/,https://tproger.ru/tag/for-beginners/",7969
"https://tproger.ru/tag/java/,https://tproger.ru/tag/quick-start/,https://tproger.ru/tag/for-beginners/",6989
"https://tproger.ru/tag/c-sharp/,https://tproger.ru/tag/for-beginners/,https://tproger.ru/tag/career/,https://tproger.ru/tag/skills/,https://tproger.ru/tag/advices/",25574
"https://tproger.ru/tag/java/,https://tproger.ru/tag/mysql/,https://tproger.ru/tag/db/,https://tproger.ru/tag/for-beginners/,https://tproger.ru/tag/learn-programming/",7113
https://tproger.ru/tag/algorithms/,49316
,9621
"https://tproger.ru/tag/algorithms/,https://tproger.ru/tag/algos-and-data-structs/,https://tproger.ru/tag/for-beginners/",8509
"https://tproger.ru/tag/javascript/,https://tproger.ru/tag/react/,https://tproger.ru/tag/for-beginners/,https://tproger.ru/tag/advices/",23442
,
https://tproger.ru/tag/vkontakte/,75919
"https://tproger.ru/tag/algorithms/,https://tproger.ru/tag/algos-and-data-structs/,https://tproger.ru/tag/for-beginners/,https://tproger.ru/tag/linked-lists/",8072
"https://tproger.ru/tag/f8-2017/,https://tproger.ru/tag/javascript/,https://tproger.ru/tag/react/,https://tproger.ru/tag/web/,https://tproger.ru/tag/for-beginners/,https://tproger.ru/tag/learn-programming/",36706
"https://tproger.ru/tag/python/,https://tproger.ru/tag/for-amateurs/",67891
"https://tproger.ru/tag/for-beginners/,https://tproger.ru/tag/guest/,https://tproger.ru/tag/learn-programming/",32642
"https://tproger.ru/tag/for-beginners/,https://tproger.ru/tag/machine-learning/,https://tproger.ru/tag/neural-network/",19971
"https://tproger.ru/tag/for-motivation/,https://tproger.ru/tag/learn-programming/",8460
"https://tproger.ru/tag/for-beginners/,https://tproger.ru/tag/learn-programming/,https://tproger.ru/tag/programming-languages/",28466
https://tproger.ru/tag/java/,33020
https://tproger.ru/tag/partnered/,62764
"https://tproger.ru/tag/python/,https://tproger.ru/tag/for-amateurs/,https://tproger.ru/tag/job-interview/,https://tproger.ru/tag/advices/",50832
,11837
,9624
"https://tproger.ru/tag/java/,https://tproger.ru/tag/cheatsheets/",13451
"https://tproger.ru/tag/for-motivation/,https://tproger.ru/tag/for-beginners/,https://tproger.ru/tag/guest/",34989
"https://tproger.ru/tag/job-interview/,https://tproger.ru/tag/advices/",103054
https://tproger.ru/tag/job-interview/,103045
https://tproger.ru/tag/testing/,22463
https://tproger.ru/tag/brain-teasers/,9597
"https://tproger.ru/tag/javascript/,https://tproger.ru/tag/gamedev/",8778
"https://tproger.ru/tag/for-beginners/,https://tproger.ru/tag/learn-programming/",4309
,109952
https://tproger.ru/tag/cpp/,9866
"https://tproger.ru/tag/javascript/,https://tproger.ru/tag/web/,https://tproger.ru/tag/for-beginners/",45834
https://tproger.ru/tag/programming-languages/,110937
"https://tproger.ru/tag/algorithms/,https://tproger.ru/tag/algos-and-data-structs/,https://tproger.ru/tag/for-beginners/",8389
"https://tproger.ru/tag/python/,https://tproger.ru/tag/mobiledev/",6234
"https://tproger.ru/tag/java/,https://tproger.ru/tag/multithreading/",6277
"https://tproger.ru/tag/algorithms/,https://tproger.ru/tag/algos-and-data-structs/,https://tproger.ru/tag/for-beginners/,https://tproger.ru/tag/courses/",102850
,102712
"https://tproger.ru/tag/php/,https://tproger.ru/tag/parsing/,https://tproger.ru/tag/encodings/",9996
"https://tproger.ru/tag/diy/,https://tproger.ru/tag/javascript/,https://tproger.ru/tag/node-js/,https://tproger.ru/tag/web/",37778
"https://tproger.ru/tag/best-practice/,https://tproger.ru/tag/oop/,https://tproger.ru/tag/cheatsheets/",7330
"https://tproger.ru/tag/python/,https://tproger.ru/tag/courses/,https://tproger.ru/tag/learn-programming/,https://tproger.ru/tag/programming-languages/",85315
"https://tproger.ru/tag/python/,https://tproger.ru/tag/tools/",77598
"https://tproger.ru/tag/java/,https://tproger.ru/tag/programming-languages/",68900
"https://tproger.ru/tag/linux/,https://tproger.ru/tag/for-beginners/,https://tproger.ru/tag/command-line-tools/,https://tproger.ru/tag/cheatsheets/",26724
"https://tproger.ru/tag/google/,https://tproger.ru/tag/security/,https://tproger.ru/tag/games/",24855
"https://tproger.ru/tag/web/,https://tproger.ru/tag/for-amateurs/",41251
,51814
"https://tproger.ru/tag/php/,https://tproger.ru/tag/for-amateurs/,https://tproger.ru/tag/design-patterns/,https://tproger.ru/tag/design-patterns-simple-words/",37368
https://tproger.ru/tag/partnered/,60884
"https://tproger.ru/tag/python/,https://tproger.ru/tag/for-beginners/,https://tproger.ru/tag/learn-programming/",31063
"https://tproger.ru/tag/for-amateurs/,https://tproger.ru/tag/learn-programming/",64147
"https://tproger.ru/tag/big-data/,https://tproger.ru/tag/python/",23096
https://tproger.ru/tag/for-beginners/,5278
"https://tproger.ru/tag/web/,https://tproger.ru/tag/partnered/",69007
"https://tproger.ru/tag/django/,https://tproger.ru/tag/python/,https://tproger.ru/tag/for-beginners/,https://tproger.ru/tag/learn-programming/",27662
https://tproger.ru/tag/algorithms/,5403
"https://tproger.ru/tag/learn-programming/,https://tproger.ru/tag/reactive/",29369
https://tproger.ru/tag/crypto/,7901
,9873
"https://tproger.ru/tag/javascript/,https://tproger.ru/tag/for-amateurs/",47482
"https://tproger.ru/tag/learn-programming/,https://tproger.ru/tag/programming-concepts/",25947
"https://tproger.ru/tag/python/,https://tproger.ru/tag/for-beginners/",29130
"https://tproger.ru/tag/javascript/,https://tproger.ru/tag/web/,https://tproger.ru/tag/for-beginners/,https://tproger.ru/tag/learn-programming/,https://tproger.ru/tag/partnered/",42457
"https://tproger.ru/tag/for-beginners/,https://tproger.ru/tag/courses/,https://tproger.ru/tag/learn-programming/,https://tproger.ru/tag/c-language/",28721
https://tproger.ru/tag/internet/,105220
"https://tproger.ru/tag/cpp/,https://tproger.ru/tag/gamedev/,https://tproger.ru/tag/unity/,https://tproger.ru/tag/for-beginners/,https://tproger.ru/tag/mobiledev/,https://tproger.ru/tag/courses/,https://tproger.ru/tag/gamedev/",109025
https://tproger.ru/tag/c-sharp/,25692
"https://tproger.ru/tag/git/,https://tproger.ru/tag/tools/",2239
https://tproger.ru/tag/devops/,77376
,85828
"https://tproger.ru/tag/c-sharp/,https://tproger.ru/tag/for-beginners/,https://tproger.ru/tag/oop/,https://tproger.ru/tag/oop-c-sharp/",14075
"https://tproger.ru/tag/machine-learning/,https://tproger.ru/tag/neural-network/,https://tproger.ru/tag/cheatsheets/",21784
https://tproger.ru/tag/security/,65525
"https://tproger.ru/tag/c-sharp/,https://tproger.ru/tag/cpp/,https://tproger.ru/tag/css/,https://tproger.ru/tag/java/,https://tproger.ru/tag/javascript/,https://tproger.ru/tag/linux/,https://tproger.ru/tag/perl/,https://tproger.ru/tag/php/,https://tproger.ru/tag/python/,https://tproger.ru/tag/windows/,https://tproger.ru/tag/web/,https://tproger.ru/tag/for-beginners/,https://tproger.ru/tag/cheatsheets/,https://tproger.ru/tag/programming-languages/",19676
,106041
"https://tproger.ru/tag/java/,https://tproger.ru/tag/javascript/,https://tproger.ru/tag/jquery/,https://tproger.ru/tag/mysql/,https://tproger.ru/tag/php/,https://tproger.ru/tag/python/,https://tproger.ru/tag/c-language/",10996
"https://tproger.ru/tag/java/,https://tproger.ru/tag/learn-programming/",11622
"https://tproger.ru/tag/github/,https://tproger.ru/tag/programming-languages/",98967
"https://tproger.ru/tag/python/,https://tproger.ru/tag/for-beginners/,https://tproger.ru/tag/parsing/,https://tproger.ru/tag/regexp/",6785
"https://tproger.ru/tag/python/,https://tproger.ru/tag/tools/",19049
https://tproger.ru/tag/learn-programming/,13289
"https://tproger.ru/tag/telegram/,https://tproger.ru/tag/tools/",68401
"https://tproger.ru/tag/google/,https://tproger.ru/tag/open-source/,https://tproger.ru/tag/operating-systems/",70752
"https://tproger.ru/tag/javascript/,https://tproger.ru/tag/web/,https://tproger.ru/tag/for-beginners/",16309
"https://tproger.ru/tag/for-beginners/,https://tproger.ru/tag/ai/,https://tproger.ru/tag/advices/",28318
"https://tproger.ru/tag/java/,https://tproger.ru/tag/for-beginners/",45527
"https://tproger.ru/tag/google/,https://tproger.ru/tag/machine-learning/",35085
"https://tproger.ru/tag/c-language/,https://tproger.ru/tag/cpp/,https://tproger.ru/tag/for-amateurs/,https://tproger.ru/tag/courses/,https://tproger.ru/tag/c-language/,https://tproger.ru/tag/asm/,https://tproger.ru/tag/c-language/",102988
,
"https://tproger.ru/tag/html/,https://tproger.ru/tag/javascript/",15909
"https://tproger.ru/tag/web/,https://tproger.ru/tag/for-beginners/",38022
"https://tproger.ru/tag/css/,https://tproger.ru/tag/web/,https://tproger.ru/tag/for-beginners/",28540
https://tproger.ru/tag/linux/,14106
"https://tproger.ru/tag/jetbrains/,https://tproger.ru/tag/poll/,https://tproger.ru/tag/programming-languages/",82350
https://tproger.ru/tag/partnered/,79146
"https://tproger.ru/tag/go/,https://tproger.ru/tag/web/,https://tproger.ru/tag/for-beginners/",46667
"https://tproger.ru/tag/android/,https://tproger.ru/tag/kotlin/,https://tproger.ru/tag/for-beginners/,https://tproger.ru/tag/mobiledev/",41097
"https://tproger.ru/tag/javascript/,https://tproger.ru/tag/web/,https://tproger.ru/tag/best-practice/",74358
"https://tproger.ru/tag/api/,https://tproger.ru/tag/java/",8127
"https://tproger.ru/tag/css/,https://tproger.ru/tag/web/,https://tproger.ru/tag/for-beginners/",40392
"https://tproger.ru/tag/javascript/,https://tproger.ru/tag/web/,https://tproger.ru/tag/for-amateurs/,https://tproger.ru/tag/tools/",44225
"https://tproger.ru/tag/for-beginners/,https://tproger.ru/tag/guest/,https://tproger.ru/tag/gamedev/",31842
"https://tproger.ru/tag/security/,https://tproger.ru/tag/partnered/",64890
,77714
https://tproger.ru/tag/sql/,90619
"https://tproger.ru/tag/for-motivation/,https://tproger.ru/tag/programming-languages/",38315
"https://tproger.ru/tag/hardware/,https://tproger.ru/tag/linux/,https://tproger.ru/tag/security/",88146
"https://tproger.ru/tag/javascript/,https://tproger.ru/tag/web/",103600
"https://tproger.ru/tag/python/,https://tproger.ru/tag/asinhronnoe-programmirovanie/,https://tproger.ru/tag/for-amateurs/",42048
"https://tproger.ru/tag/android/,https://tproger.ru/tag/security/,https://tproger.ru/tag/testing/",29722
https://tproger.ru/tag/brain-teasers/,508
,10719
https://tproger.ru/tag/sql/,90619
"https://tproger.ru/tag/veb-design/,https://tproger.ru/tag/web/,https://tproger.ru/tag/for-beginners/,https://tproger.ru/tag/learn-programming/",14104
"https://tproger.ru/tag/for-amateurs/,https://tproger.ru/tag/ai/,https://tproger.ru/tag/machine-learning/,https://tproger.ru/tag/courses/,https://tproger.ru/tag/for-beginners/,https://tproger.ru/tag/ai/,https://tproger.ru/tag/machine-learning/,https://tproger.ru/tag/courses/",110375
"https://tproger.ru/tag/git/,https://tproger.ru/tag/quick-start/,https://tproger.ru/tag/for-beginners/",297
https://tproger.ru/tag/programming-languages/,106064
,13615
,52773
https://tproger.ru/tag/brain-teasers/,9585
"https://tproger.ru/tag/docker/,https://tproger.ru/tag/for-amateurs/",36644
"https://tproger.ru/tag/brain-teasers/,https://tproger.ru/tag/middle-problems/",75738
"https://tproger.ru/tag/android/,https://tproger.ru/tag/java/,https://tproger.ru/tag/for-beginners/,https://tproger.ru/tag/for-amateurs/,https://tproger.ru/tag/best-practice/,https://tproger.ru/tag/mobiledev/,https://tproger.ru/tag/learn-programming/",40303
"https://tproger.ru/tag/algorithms/,https://tproger.ru/tag/algos-and-data-structs/,https://tproger.ru/tag/for-beginners/,https://tproger.ru/tag/courses/",37171
https://tproger.ru/tag/partnered/,73953
"https://tproger.ru/tag/javascript/,https://tproger.ru/tag/blockchain/,https://tproger.ru/tag/for-beginners/",31444
"https://tproger.ru/tag/cpp/,https://tproger.ru/tag/algorithms/,https://tproger.ru/tag/brain-teasers/,https://tproger.ru/tag/expert-problems/,https://tproger.ru/tag/middle-problems/,https://tproger.ru/tag/math-and-probability/,https://tproger.ru/tag/optimization/,https://tproger.ru/tag/bit-manipulation/,https://tproger.ru/tag/recursion-and-dynamic-programming/,https://tproger.ru/tag/job-interview/,https://tproger.ru/tag/sorting-and-searching/,https://tproger.ru/tag/stacks-and-queues/",9562
"https://tproger.ru/tag/java/,https://tproger.ru/tag/for-beginners/,https://tproger.ru/tag/recursion-and-dynamic-programming/",11065
https://tproger.ru/tag/internet/,4097
https://tproger.ru/tag/css/,75810
"https://tproger.ru/tag/cpp/,https://tproger.ru/tag/for-beginners/,https://tproger.ru/tag/code-style/",27233
"https://tproger.ru/tag/java/,https://tproger.ru/tag/job-interview/",6491
"https://tproger.ru/tag/low-level-coding/,https://tproger.ru/tag/operating-systems/",29257
"https://tproger.ru/tag/big-data/,https://tproger.ru/tag/devops/,https://tproger.ru/tag/algos-and-data-structs/,https://tproger.ru/tag/security/,https://tproger.ru/tag/web/,https://tproger.ru/tag/learn-programming/,https://tproger.ru/tag/operating-systems/,https://tproger.ru/tag/programming-languages/",102850
"https://tproger.ru/tag/javascript/,https://tproger.ru/tag/algorithms/,https://tproger.ru/tag/brain-teasers/,https://tproger.ru/tag/gamedev/",29957
https://tproger.ru/tag/interface-design-ux/,41927
https://tproger.ru/tag/learn-programming/,57707
"https://tproger.ru/tag/google/,https://tproger.ru/tag/ai/,https://tproger.ru/tag/machine-learning/,https://tproger.ru/tag/courses/",65227
"https://tproger.ru/tag/amazon/,https://tproger.ru/tag/google/",33892
"https://tproger.ru/tag/cpp/,https://tproger.ru/tag/algorithms/",196
"https://tproger.ru/tag/brain-teasers/,https://tproger.ru/tag/middle-problems/",22241
"https://tproger.ru/tag/android/,https://tproger.ru/tag/ios/,https://tproger.ru/tag/swift/,https://tproger.ru/tag/mobiledev/,https://tproger.ru/tag/courses/",27387
https://tproger.ru/tag/advices/,21882
"https://tproger.ru/tag/python/,https://tproger.ru/tag/for-beginners/",72570
"https://tproger.ru/tag/api/,https://tproger.ru/tag/php/,https://tproger.ru/tag/bots/,https://tproger.ru/tag/vkontakte/,https://tproger.ru/tag/tools/",32020
https://tproger.ru/tag/hardware/,10349
"https://tproger.ru/tag/learn-programming/,https://tproger.ru/tag/programming-languages/",3919
"https://tproger.ru/tag/skills/,https://tproger.ru/tag/advices/,https://tproger.ru/tag/programming-languages/",14354
"https://tproger.ru/tag/vpn/,https://tproger.ru/tag/internet/,https://tproger.ru/tag/cloud/",35622
https://tproger.ru/tag/cpp/,33653
,64981
https://tproger.ru/tag/programming-languages/,90293
"https://tproger.ru/tag/python/,https://tproger.ru/tag/for-beginners/,https://tproger.ru/tag/programming-languages/",11861
https://tproger.ru/tag/php/,19648
"https://tproger.ru/tag/google/,https://tproger.ru/tag/tools/",81187
"https://tproger.ru/tag/css/,https://tproger.ru/tag/jquery/,https://tproger.ru/tag/php/,https://tproger.ru/tag/sql/,https://tproger.ru/tag/job-interview/",11579
"https://tproger.ru/tag/for-beginners/,https://tproger.ru/tag/best-practice/,https://tproger.ru/tag/learn-programming/",12235
"https://tproger.ru/tag/for-beginners/,https://tproger.ru/tag/programming-languages/",2375
https://tproger.ru/tag/security/,99771
,84806
,109447
"https://tproger.ru/tag/python/,https://tproger.ru/tag/for-beginners/,https://tproger.ru/tag/machine-learning/,https://tproger.ru/tag/neural-network/",37022
"https://tproger.ru/tag/javascript/,https://tproger.ru/tag/web/,https://tproger.ru/tag/for-beginners/",16309
